{
    "modes": [
        {
            "index": 0,
            "strictly local log-evidence": -413.0080827180268,
            "strictly local log-evidence error": 0.03435460110538816,
            "local log-evidence": -413.0080827180268,
            "local log-evidence error": 0.03435460110538816,
            "mean": [
                22.97315448550164,
                -2.1141456462580126,
                1.7472844906326312
            ],
            "sigma": [
                0.018146828108712286,
                0.07780755996773898,
                0.10608112155971228
            ],
            "maximum": [
                22.95356802540806,
                -2.217105461188569,
                1.607402038246459
            ],
            "maximum a posterior": [
                22.95356802540806,
                -2.217105461188569,
                1.607402038246459
            ]
        }
    ],
    "nested sampling global log-evidence": -412.95234887468513,
    "nested sampling global log-evidence error": 0.16485842327335093,
    "global evidence": -413.0080827180268,
    "global evidence error": 0.03435460110538816,
    "nested importance sampling global log-evidence": -413.0080827180268,
    "nested importance sampling global log-evidence error": 0.03435460110538816,
    "marginals": [
        {
            "median": 22.97336220212742,
            "sigma": 0.017786534070094007,
            "1sigma": [
                22.95507920182503,
                22.990652269965217
            ],
            "2sigma": [
                22.93763526947127,
                23.00854738910453
            ],
            "3sigma": [
                22.92188977531913,
                23.027652461219255
            ],
            "5sigma": [
                22.89711256292351,
                23.057238616342016
            ],
            "q75%": 22.985431319520284,
            "q25%": 22.96124666210331,
            "q99%": 23.01478948090617,
            "q01%": 22.93181904629527,
            "q90%": 22.996380574389192,
            "q10%": 22.94921873634085
        },
        {
            "median": -2.1154111626856262,
            "sigma": 0.08130083176565028,
            "1sigma": [
                -2.193535229543039,
                -2.0309335660117385
            ],
            "2sigma": [
                -2.263951222186545,
                -1.962332310647807
            ],
            "3sigma": [
                -2.304630916358874,
                -1.8778705360599672
            ],
            "5sigma": [
                -2.3204877323435307,
                -1.7810728709766597
            ],
            "q75%": -2.0600895939214703,
            "q25%": -2.171201208170779,
            "q99%": -1.9318600470164669,
            "q01%": -2.2819589077082822,
            "q90%": -2.011563243078664,
            "q10%": -2.2145337743187246
        },
        {
            "median": 1.7449963586815724,
            "sigma": 0.11056261027868719,
            "1sigma": [
                1.6400422017640306,
                1.861167422321405
            ],
            "2sigma": [
                1.5505240286163082,
                1.9564575564046682
            ],
            "3sigma": [
                1.4836984998220841,
                2.071814855547671
            ],
            "5sigma": [
                1.4573863781228575,
                2.1807251403486294
            ],
            "q75%": 1.8200806523003195,
            "q25%": 1.6720419146009053,
            "q99%": 1.9958612413283423,
            "q01%": 1.5221374804654715,
            "q90%": 1.8881029706980206,
            "q10%": 1.6090890671669316
        }
    ]
}