{
    "modes": [
        {
            "index": 0,
            "strictly local log-evidence": -386.1126992291106,
            "strictly local log-evidence error": 0.06418352542719304,
            "local log-evidence": -386.1126992291106,
            "local log-evidence error": 0.06418352542719304,
            "mean": [
                22.981335696491623,
                -2.0250616905335765,
                1.907327502832641,
                -4.000423303279236,
                6.3966958275237635,
                -1.9741398524620462
            ],
            "sigma": [
                0.01730830214924815,
                0.07331348990494477,
                0.10048394936418642,
                0.07602602189723416,
                0.012543948030837348,
                0.5425451473733308
            ],
            "maximum": [
                22.98504264638267,
                -2.013245250023533,
                1.924657195890763,
                -3.9804646501090097,
                6.391864472500312,
                -1.4677742670680936
            ],
            "maximum a posterior": [
                22.98504264638267,
                -2.013245250023533,
                1.924657195890763,
                -3.9804646501090097,
                6.391864472500312,
                -1.4677742670680936
            ]
        }
    ],
    "nested sampling global log-evidence": -385.9870416588665,
    "nested sampling global log-evidence error": 0.21219405435407643,
    "global evidence": -386.1126992291106,
    "global evidence error": 0.06418352542719304,
    "nested importance sampling global log-evidence": -386.1126992291106,
    "nested importance sampling global log-evidence error": 0.06418352542719304,
    "marginals": [
        {
            "median": 22.980740133157767,
            "sigma": 0.01725693970925768,
            "1sigma": [
                22.964259679522225,
                22.99877355894074
            ],
            "2sigma": [
                22.947565787341546,
                23.015438265942237
            ],
            "3sigma": [
                22.930276199255236,
                23.032231738911356
            ],
            "5sigma": [
                22.90174162776739,
                23.056304113919193
            ],
            "q75%": 22.993320733084044,
            "q25%": 22.96903334693768,
            "q99%": 23.02137827268363,
            "q01%": 22.94001953780972,
            "q90%": 23.00401313045832,
            "q10%": 22.959822944109426
        },
        {
            "median": -2.026577063970027,
            "sigma": 0.07588122094530281,
            "1sigma": [
                -2.1002936115847115,
                -1.948531169694106
            ],
            "2sigma": [
                -2.161693126684116,
                -1.8800172002839013
            ],
            "3sigma": [
                -2.2116909747527744,
                -1.811642661373284
            ],
            "5sigma": [
                -2.27588058390025,
                -1.7729368012787459
            ],
            "q75%": -1.9748061950218188,
            "q25%": -2.0758873680900067,
            "q99%": -1.853081772446183,
            "q01%": -2.186515702283444,
            "q90%": -1.9285543335746473,
            "q10%": -2.1175884051120946
        },
        {
            "median": 1.907073802104428,
            "sigma": 0.10264032169740722,
            "1sigma": [
                1.8038326495839883,
                2.0091132929788027
            ],
            "2sigma": [
                1.7211649664380502,
                2.1062540974266715
            ],
            "3sigma": [
                1.6435820764175775,
                2.1980656621288044
            ],
            "5sigma": [
                1.5579127867604352,
                2.254554725533612
            ],
            "q75%": 1.9774137193046624,
            "q25%": 1.837036554012776,
            "q99%": 2.139784590717253,
            "q01%": 1.691180622517085,
            "q90%": 2.040154359391911,
            "q10%": 1.7753683949749903
        },
        {
            "median": -3.998274425359799,
            "sigma": 0.07486055913715473,
            "1sigma": [
                -4.0755803483152455,
                -3.925859230040936
            ],
            "2sigma": [
                -4.154501445529246,
                -3.8571439107138965
            ],
            "3sigma": [
                -4.260264058859988,
                -3.791524793524338
            ],
            "5sigma": [
                -4.570343949347522,
                -3.6986056725775276
            ],
            "q75%": -3.9491969210517675,
            "q25%": -4.049651535551272,
            "q99%": -3.836215921791834,
            "q01%": -4.195117200428077,
            "q90%": -3.9057822345225794,
            "q10%": -4.09471781209271
        },
        {
            "median": 6.3962460079481795,
            "sigma": 0.012095344724849078,
            "1sigma": [
                6.38485710702031,
                6.409047796470008
            ],
            "2sigma": [
                6.372206989924903,
                6.422292565584398
            ],
            "3sigma": [
                6.359591245044437,
                6.437568429994926
            ],
            "5sigma": [
                6.3125049623226,
                6.482901305464011
            ],
            "q75%": 6.404901414670678,
            "q25%": 6.388449196044393,
            "q99%": 6.426866593622833,
            "q01%": 6.367180286913781,
            "q90%": 6.4126640324567825,
            "q10%": 6.380952909638753
        },
        {
            "median": -1.8947412670058472,
            "sigma": 0.6237366508731659,
            "1sigma": [
                -2.6335380257889285,
                -1.3860647240425967
            ],
            "2sigma": [
                -2.959264728928644,
                -1.164232895566253
            ],
            "3sigma": [
                -2.997820854612334,
                -0.9994896091962016
            ],
            "5sigma": [
                -2.9996408783950566,
                -0.7557553410211013
            ],
            "q75%": -1.4986941159375453,
            "q25%": -2.4329670925697964,
            "q99%": -1.1052604224074418,
            "q01%": -2.982559195319676,
            "q90%": -1.3202119635303269,
            "q10%": -2.7713537856012564
        }
    ]
}