{
    "modes": [
        {
            "index": 0,
            "strictly local log-evidence": -3830.4948683141947,
            "strictly local log-evidence error": 0.017051742112813253,
            "local log-evidence": -3830.4948683141947,
            "local log-evidence error": 0.017051742112813253,
            "mean": [
                1.0003899979367725,
                -3.715160365993904
            ],
            "sigma": [
                0.0004020427766107662,
                0.009584977360878719
            ],
            "maximum": [
                1.0000023953580848,
                -3.71488760589917
            ],
            "maximum a posterior": [
                1.0000023953580848,
                -3.71488760589917
            ]
        }
    ],
    "nested sampling global log-evidence": -3829.9975767239116,
    "nested sampling global log-evidence error": 0.18157087990738704,
    "global evidence": -3830.4948683141947,
    "global evidence error": 0.017051742112813253,
    "nested importance sampling global log-evidence": -3830.4948683141947,
    "nested importance sampling global log-evidence error": 0.017051742112813253,
    "marginals": [
        {
            "median": 1.0002709345524843,
            "sigma": 0.0003256345728144261,
            "1sigma": [
                1.000063952106408,
                1.000715221252037
            ],
            "2sigma": [
                1.0000083706074565,
                1.001467723137511
            ],
            "3sigma": [
                1.0000003622050015,
                1.002689246092218
            ],
            "5sigma": [
                1.0000002263005412,
                1.005938486899689
            ],
            "q75%": 1.0005195766575237,
            "q25%": 1.0001087227184644,
            "q99%": 1.0019087363442778,
            "q01%": 1.0000023828794533,
            "q90%": 1.0009162329143144,
            "q10%": 1.0000415529181872
        },
        {
            "median": -3.715245088048782,
            "sigma": 0.00943488747739174,
            "1sigma": [
                -3.724536474083091,
                -3.7056666991283076
            ],
            "2sigma": [
                -3.7335594582503537,
                -3.6957049285455934
            ],
            "3sigma": [
                -3.743903817604491,
                -3.686469981306649
            ],
            "5sigma": [
                -3.764357442793513,
                -3.6695557578038147
            ],
            "q75%": -3.7089600745774036,
            "q25%": -3.721713539048671,
            "q99%": -3.6918787474075616,
            "q01%": -3.736925581241533,
            "q90%": -3.7028864507248223,
            "q10%": -3.7271342798774554
        }
    ]
}