{
    "modes": [
        {
            "index": 0,
            "strictly local log-evidence": -3830.409471930654,
            "strictly local log-evidence error": 0.018389557865511472,
            "local log-evidence": -3830.409471930654,
            "local log-evidence error": 0.018389557865511472,
            "mean": [
                1.000404984894077,
                -3.7153376104177327
            ],
            "sigma": [
                0.00041107755630576364,
                0.009698107655087594
            ],
            "maximum": [
                1.0000022009110405,
                -3.7150943152696536
            ],
            "maximum a posterior": [
                1.0000022009110405,
                -3.7150943152696536
            ]
        }
    ],
    "nested sampling global log-evidence": -3830.063948210788,
    "nested sampling global log-evidence error": 0.1816980342634906,
    "global evidence": -3830.409471930654,
    "global evidence error": 0.018389557865511472,
    "nested importance sampling global log-evidence": -3830.409471930654,
    "nested importance sampling global log-evidence error": 0.018389557865511472,
    "marginals": [
        {
            "median": 1.0002737478516714,
            "sigma": 0.0003462546697615698,
            "1sigma": [
                1.000066423825553,
                1.0007589331650761
            ],
            "2sigma": [
                1.0000111276924546,
                1.00150452492944
            ],
            "3sigma": [
                1.0000004172166799,
                1.0026418194336628
            ],
            "5sigma": [
                1.0000001813153978,
                1.005773332569672
            ],
            "q75%": 1.0005596643109789,
            "q25%": 1.0001125273823837,
            "q99%": 1.0018799747193143,
            "q01%": 1.0000024463777917,
            "q90%": 1.0009589857280716,
            "q10%": 1.0000380775301831
        },
        {
            "median": -3.715433258551281,
            "sigma": 0.009873698894769412,
            "1sigma": [
                -3.7250631555928986,
                -3.7053157578033598
            ],
            "2sigma": [
                -3.734244046840102,
                -3.696765433128744
            ],
            "3sigma": [
                -3.7461930986471614,
                -3.6866950722622787
            ],
            "5sigma": [
                -3.7645372533609254,
                -3.6678397707673622
            ],
            "q75%": -3.7085375735631363,
            "q25%": -3.721886448388188,
            "q99%": -3.693466130761357,
            "q01%": -3.7384001281989643,
            "q90%": -3.7028843799550653,
            "q10%": -3.7275266479722005
        }
    ]
}