{
    "modes": [
        {
            "index": 0,
            "strictly local log-evidence": -386.10115325899477,
            "strictly local log-evidence error": 0.0682013846415909,
            "local log-evidence": -386.10115325899477,
            "local log-evidence error": 0.0682013846415909,
            "mean": [
                0.9820255024184931,
                -2.0222499102989175,
                1.9099173986669977,
                -4.001994472367377,
                6.396888442046744,
                -1.9706909870704317
            ],
            "sigma": [
                0.017755990732785835,
                0.07636512221126557,
                0.10480182504693945,
                0.07517789522729729,
                0.012104661868319128,
                0.5380896899783196
            ],
            "maximum": [
                0.9952221748688195,
                -1.959952393456545,
                1.9972084915785984,
                -3.9598542645654513,
                6.40041710174399,
                -1.3435932854251962
            ],
            "maximum a posterior": [
                0.9952221748688195,
                -1.959952393456545,
                1.9972084915785984,
                -3.9598542645654513,
                6.40041710174399,
                -1.3435932854251962
            ]
        }
    ],
    "nested sampling global log-evidence": -386.0055404612086,
    "nested sampling global log-evidence error": 0.21250351282147187,
    "global evidence": -386.10115325899477,
    "global evidence error": 0.0682013846415909,
    "nested importance sampling global log-evidence": -386.10115325899477,
    "nested importance sampling global log-evidence error": 0.0682013846415909,
    "marginals": [
        {
            "median": 0.9818058459350844,
            "sigma": 0.01827569824610048,
            "1sigma": [
                0.9636580696405724,
                1.0002094661327734
            ],
            "2sigma": [
                0.9471261364402673,
                1.016716895832234
            ],
            "3sigma": [
                0.934005909971638,
                1.0319131298225575
            ],
            "5sigma": [
                0.8997442348105682,
                1.0586538320260026
            ],
            "q75%": 0.993892618855541,
            "q25%": 0.9701405197631551,
            "q99%": 1.0233949452440092,
            "q01%": 0.9424165967555188,
            "q90%": 1.0051425423376745,
            "q10%": 0.9591293412434757
        },
        {
            "median": -2.0227085250856573,
            "sigma": 0.07985895898563655,
            "1sigma": [
                -2.103098036767708,
                -1.943380118796435
            ],
            "2sigma": [
                -2.168876162673089,
                -1.8732874211039348
            ],
            "3sigma": [
                -2.2212519767330763,
                -1.8213841514542048
            ],
            "5sigma": [
                -2.2640757186114864,
                -1.7780127200427298
            ],
            "q75%": -1.9681398414883382,
            "q25%": -2.075419019851098,
            "q99%": -1.8475962486254855,
            "q01%": -2.1815750243911127,
            "q90%": -1.9226947148815112,
            "q10%": -2.1245667096262935
        },
        {
            "median": 1.9111474981821146,
            "sigma": 0.10976630970919576,
            "1sigma": [
                1.7987934202869675,
                2.018326039705359
            ],
            "2sigma": [
                1.7130460825299114,
                2.1109932987277618
            ],
            "3sigma": [
                1.631409669647034,
                2.2025954311067784
            ],
            "5sigma": [
                1.5800342922387038,
                2.2417930976408234
            ],
            "q75%": 1.9825864677751066,
            "q25%": 1.8357174321321386,
            "q99%": 2.1431688229651122,
            "q01%": 1.6767236172344826,
            "q90%": 2.0483854259444043,
            "q10%": 1.770781300577497
        },
        {
            "median": -3.999359290040936,
            "sigma": 0.07456260143564264,
            "1sigma": [
                -4.074938638480134,
                -3.9258134356088488
            ],
            "2sigma": [
                -4.154368562559146,
                -3.864636139036319
            ],
            "3sigma": [
                -4.2696786083931455,
                -3.7909060834275303
            ],
            "5sigma": [
                -4.519408268878499,
                -3.6900920731829703
            ],
            "q75%": -3.9493066238075905,
            "q25%": -4.051288361752968,
            "q99%": -3.841065383957068,
            "q01%": -4.189813755678624,
            "q90%": -3.9075327527529775,
            "q10%": -4.098307121950466
        },
        {
            "median": 6.396975391885992,
            "sigma": 0.011976584290169345,
            "1sigma": [
                6.385152155820724,
                6.409105324401063
            ],
            "2sigma": [
                6.373086403887035,
                6.420341201951268
            ],
            "3sigma": [
                6.3596840746557595,
                6.4356850690226715
            ],
            "5sigma": [
                6.31870288818494,
                6.479248814673636
            ],
            "q75%": 6.404879715865555,
            "q25%": 6.388888168374055,
            "q99%": 6.42547268126002,
            "q01%": 6.367785144452141,
            "q90%": 6.4121913473408,
            "q10%": 6.381245413635984
        },
        {
            "median": -1.901319164420172,
            "sigma": 0.6274701375094205,
            "1sigma": [
                -2.6431461664836378,
                -1.3882058914647968
            ],
            "2sigma": [
                -2.928875850682519,
                -1.1896306961413048
            ],
            "3sigma": [
                -2.9959344655984026,
                -1.0196258800163216
            ],
            "5sigma": [
                -2.999865451006815,
                -0.7495643575094417
            ],
            "q75%": -1.4939737362483239,
            "q25%": -2.42431436421586,
            "q99%": -1.1103015175572324,
            "q01%": -2.96529879205834,
            "q90%": -1.3152885130759,
            "q10%": -2.7597070664066
        }
    ]
}