{
    "modes": [
        {
            "index": 0,
            "strictly local log-evidence": -9.067051971477369,
            "strictly local log-evidence error": 0.0461792105330424,
            "local log-evidence": -9.067051971477369,
            "local log-evidence error": 0.0461792105330424,
            "mean": [
                -0.09891776244742438,
                0.804490165839236,
                -0.2668205165055169
            ],
            "sigma": [
                5.298968700439303,
                5.266284335689757,
                1.8162923960916795
            ],
            "maximum": [
                -2.725946718992014,
                -1.4207769601906435,
                0.09009712652295576
            ],
            "maximum a posterior": [
                -2.725946718992014,
                -1.4207769601906435,
                0.09009712652295576
            ]
        }
    ],
    "nested sampling global log-evidence": -7.588244747276526,
    "nested sampling global log-evidence error": 0.0884345486643389,
    "global evidence": -9.067051971477369,
    "global evidence error": 0.0461792105330424,
    "nested importance sampling global log-evidence": -9.067051971477369,
    "nested importance sampling global log-evidence error": 0.0461792105330424,
    "marginals": [
        {
            "median": 0.12388238610518551,
            "sigma": 6.103421635340698,
            "1sigma": [
                -6.325620189210791,
                5.881223081470606
            ],
            "2sigma": [
                -9.428154269740894,
                9.151002752699627
            ],
            "3sigma": [
                -9.939645007863378,
                9.87014500706011
            ],
            "5sigma": [
                -9.992902278900146,
                9.988562612977448
            ],
            "q75%": 4.004722990849101,
            "q25%": -4.52559413989098,
            "q99%": 9.560943502111229,
            "q01%": -9.717969376435171,
            "q90%": 7.205754909818169,
            "q10%": -7.7288502961170575
        },
        {
            "median": -0.8653343324731607,
            "sigma": 3.5658866151752955,
            "1sigma": [
                -2.199099551034082,
                4.932673679316509
            ],
            "2sigma": [
                -8.16546601530784,
                15.558062614583022
            ],
            "3sigma": [
                -9.864247124763251,
                19.596423427840925
            ],
            "5sigma": [
                -9.987468719482422,
                19.9504492552527
            ],
            "q75%": 2.028607825898589,
            "q25%": -1.694958162451505,
            "q99%": 17.591045505595467,
            "q01%": -9.196211245568334,
            "q90%": 8.825309878285577,
            "q10%": -3.414236780892432
        },
        {
            "median": 0.05629942932227934,
            "sigma": 1.098475852142291,
            "1sigma": [
                -1.0061129485534093,
                1.1908387557311726
            ],
            "2sigma": [
                -6.8714279791151025,
                1.3688208871907257
            ],
            "3sigma": [
                -9.904353074465089,
                1.4245709653508052
            ],
            "5sigma": [
                -9.980915069580078,
                1.461830286010827
            ],
            "q75%": 0.826942995927288,
            "q25%": -0.6162138348156347,
            "q99%": 1.3884475792500977,
            "q01%": -8.639557398913908,
            "q90%": 1.2813383405783023,
            "q10%": -1.227156597448162
        }
    ]
}